{
    "src_points": [
        [
            293.0,
            364.0
        ],
        [
            686.0,
            379.0
        ],
        [
            698.0,
            612.0
        ],
        [
            168.0,
            600.0
        ]
    ],
    "target_size": [
        2,
        1
    ],
    "target_corners": [
        [
            0.0,
            0.0
        ],
        [
            2.0,
            0.0
        ],
        [
            2.0,
            1.600000023841858
        ],
        [
            0.0,
            1.600000023841858
        ]
    ],
    "hography_matrix": [
        [
            0.009373840440738225,
            0.004964957860560495,
            -4.553779910380321
        ],
        [
            -0.0006601733253897166,
            0.017296541125210712,
            -6.102510185237512
        ],
        [
            -0.00022978632583030916,
            0.002735699868281942,
            1.0
        ]
    ]
}