{
    "src_points": [
        [
            490.0,
            357.0
        ],
        [
            809.0,
            362.0
        ],
        [
            858.0,
            533.0
        ],
        [
            435.0,
            528.0
        ]
    ],
    "target_size": [
        640,
        480
    ],
    "target_corners": [
        [
            0.0,
            0.0
        ],
        [
            2.0,
            0.0
        ],
        [
            2.0,
            1.600000023841858
        ],
        [
            0.0,
            1.600000023841858
        ]
    ],
    "hography_matrix": [
        [
            0.01780404685085985,
            0.005726447817528004,
            -10.768324827778821
        ],
        [
            -0.0005568462116713478,
            0.03552678830463246,
            -12.410208781034829
        ],
        [
            -0.00015007210259296874,
            0.005457099235507399,
            1.0
        ]
    ]
}